/*
SQLyog Ultimate v9.50 
MySQL - 5.5.16 : Database - ps3
*********************************************************************
*/

/*!40101 SET NAMES utf8 */;

/*!40101 SET SQL_MODE=''*/;

/*!40014 SET @OLD_UNIQUE_CHECKS=@@UNIQUE_CHECKS, UNIQUE_CHECKS=0 */;
/*!40014 SET @OLD_FOREIGN_KEY_CHECKS=@@FOREIGN_KEY_CHECKS, FOREIGN_KEY_CHECKS=0 */;
/*!40101 SET @OLD_SQL_MODE=@@SQL_MODE, SQL_MODE='NO_AUTO_VALUE_ON_ZERO' */;
/*!40111 SET @OLD_SQL_NOTES=@@SQL_NOTES, SQL_NOTES=0 */;
CREATE DATABASE /*!32312 IF NOT EXISTS*/`ps3` /*!40100 DEFAULT CHARACTER SET utf8 */;

USE `ps3`;

/*Table structure for table `device` */

DROP TABLE IF EXISTS `device`;

CREATE TABLE `device` (
  `id` int(11) NOT NULL AUTO_INCREMENT,
  `uid` varchar(255) DEFAULT NULL,
  `name` varchar(255) DEFAULT NULL,
  `cost` float DEFAULT NULL,
  `range` int(11) DEFAULT NULL,
  `status` tinyint(1) DEFAULT NULL,
  PRIMARY KEY (`id`)
) ENGINE=InnoDB AUTO_INCREMENT=40 DEFAULT CHARSET=utf8;

/*Data for the table `device` */

insert  into `device`(`id`,`uid`,`name`,`cost`,`range`,`status`) values (8,'sdkgs','kkasdfk',22455,72,1),(9,'452','ps3',22222,72,0),(23,'jii','jkk',65,72,0),(25,'adf','adfadf',7533,11,0),(26,'46345','356',3456,11,0),(27,'356','3563',7533,11,NULL),(32,'sdfgsd','sadgsdf',8000,11,NULL),(33,'ddd','dddd',8000,72,NULL),(36,'rrrr','lll',8000,11,0),(37,'55','555',8000,11,NULL),(38,'hh','hhh',8000,72,NULL),(39,'dd','d',9999,72,NULL);

/*Table structure for table `menu` */

DROP TABLE IF EXISTS `menu`;

CREATE TABLE `menu` (
  `id` int(11) NOT NULL AUTO_INCREMENT,
  `name` varchar(255) DEFAULT NULL,
  `unit` varchar(255) DEFAULT NULL,
  `cost` float DEFAULT NULL,
  PRIMARY KEY (`id`)
) ENGINE=InnoDB AUTO_INCREMENT=21 DEFAULT CHARSET=utf8;

/*Data for the table `menu` */

insert  into `menu`(`id`,`name`,`unit`,`cost`) values (16,'cafe đen đá ','ly',10000),(17,'aaaa','ly',15000),(19,'aaaa','chai',10000),(20,'mi tom','to',10000);

/*Table structure for table `payment` */

DROP TABLE IF EXISTS `payment`;

CREATE TABLE `payment` (
  `id` int(11) NOT NULL AUTO_INCREMENT,
  `device` int(11) DEFAULT NULL,
  `start` int(11) DEFAULT NULL,
  `stop` int(11) DEFAULT NULL,
  `surcharge` float DEFAULT NULL,
  `discount` float DEFAULT NULL,
  `comment` varchar(255) DEFAULT NULL,
  `status` tinyint(1) DEFAULT NULL,
  `date` int(11) DEFAULT NULL,
  PRIMARY KEY (`id`)
) ENGINE=InnoDB AUTO_INCREMENT=126 DEFAULT CHARSET=utf8;

/*Data for the table `payment` */

insert  into `payment`(`id`,`device`,`start`,`stop`,`surcharge`,`discount`,`comment`,`status`,`date`) values (66,8,1343816938,1343816997,0,0,'',0,1343816938),(67,8,1343817359,0,0,0,'',0,1343817359),(68,8,1343817362,0,0,0,'',0,1343817362),(69,8,1343817382,0,0,0,'',0,1343817382),(70,8,1343817384,0,0,0,'',0,1343817384),(71,8,1343817385,0,0,0,'',0,1343817385),(72,8,1343817386,0,0,0,'',0,1343817386),(73,8,1343817388,0,0,0,'',0,1343817388),(74,8,1343817389,0,0,0,'',0,1343817389),(75,8,1343817394,0,0,0,'',0,1343817394),(76,8,1343817394,0,0,0,'',0,1343817394),(77,8,1343817395,0,0,0,'',0,1343817395),(78,8,1343817396,0,0,0,'',0,1343817396),(79,8,1343817397,0,0,0,'',0,1343817397),(80,8,1343817398,0,0,0,'',0,1343817398),(81,8,1343817399,0,0,0,'',0,1343817399),(82,8,1343817399,0,0,0,'',0,1343817399),(83,8,1343817400,0,0,0,'',0,1343817400),(84,8,1343817427,0,0,0,'',0,1343817427),(85,8,1343817428,0,0,0,'',0,1343817428),(86,8,1343817429,0,0,0,'',0,1343817429),(87,8,1343817430,0,0,0,'',0,1343817430),(88,8,1343817431,0,0,0,'',0,1343817431),(89,8,1343817432,0,0,0,'',0,1343817432),(90,8,1343817433,0,0,0,'',0,1343817433),(91,8,1343817434,0,0,0,'',0,1343817434),(92,8,1343817499,0,0,0,'',0,1343817499),(93,8,1343817543,1343817702,0,0,'',0,1343817543),(94,8,1343817710,1343817711,0,0,'',0,1343817710),(95,8,1343817714,1343817727,3333,33,'',0,1343817714),(96,8,1343817749,0,0,0,'',0,1343817749),(97,32,1343819347,0,0,0,'',1,1343819347),(98,27,1343819832,1343820199,0,0,'',0,1343819832),(99,27,1343820200,0,0,0,'',0,1343820200),(100,8,1343883581,0,0,0,'',0,1343883581),(101,8,1343884212,1343884222,0,0,'',0,1343884212),(102,8,1343884230,1343884230,0,0,'',0,1343884230),(103,8,1343884255,1343884259,0,0,'',0,1343884255),(104,25,1343884276,1343884279,0,0,'',0,1343884276),(105,25,1343884301,1343884303,0,0,'',0,1343884301),(106,25,1343884314,1343884316,0,0,'',0,1343884314),(107,25,1343884321,1343884323,0,0,'',0,1343884321),(108,8,1343884351,1343884352,0,0,'',0,1343884351),(109,8,1343985974,0,0,0,'',0,1343985974),(110,23,1343986040,0,0,0,'',0,1343986040),(111,23,1343986073,1343986074,0,0,'',0,1343986073),(112,9,1343986351,1343986736,10000,10000,'',0,1343986351),(113,9,1343986829,1343986833,0,0,'',0,1343986829),(114,8,1343986985,1343986986,0,0,'',0,1343986985),(115,36,1343987005,1343987074,0,0,'',0,1343987005),(116,23,1343987554,0,0,0,'',0,1343987554),(117,8,1343987691,1343987870,0,0,'',0,1343987691),(118,8,1343987924,0,0,0,'',0,1343987924),(119,8,1344052517,1344052539,10000,10000,'',0,1344052517),(120,8,1344052558,0,0,0,'',0,1344052558),(121,9,1344053058,0,0,0,'',0,1344053058),(122,8,1344056097,1344056100,0,0,'',0,1344056097),(123,8,1344056107,1344056108,0,0,'',0,1344056107),(124,8,1344056149,0,0,0,'',0,1344056149),(125,8,1344056167,0,0,0,'',1,1344056167);

/*Table structure for table `payment_menu` */

DROP TABLE IF EXISTS `payment_menu`;

CREATE TABLE `payment_menu` (
  `id` int(11) NOT NULL AUTO_INCREMENT,
  `payment` int(11) DEFAULT NULL,
  `menu` int(11) DEFAULT NULL,
  `number` int(11) DEFAULT NULL,
  `date` int(11) DEFAULT NULL,
  PRIMARY KEY (`id`)
) ENGINE=InnoDB AUTO_INCREMENT=103 DEFAULT CHARSET=utf8;

/*Data for the table `payment_menu` */

insert  into `payment_menu`(`id`,`payment`,`menu`,`number`,`date`) values (69,66,16,1,1343816980),(71,95,16,1,1343817742),(72,95,17,1,1343817742),(73,101,16,1,1343884218),(74,101,17,1,1343884218),(75,103,16,1,1343884269),(76,103,17,1,1343884269),(77,105,16,1,1343884310),(78,105,17,1,1343884310),(81,111,16,1,1343986260),(84,112,16,1,1343986728),(85,112,17,1,1343986728),(86,112,19,1,1343986728),(87,114,16,1,1343986989),(88,114,17,1,1343986990),(89,115,16,1,1343987082),(90,115,17,1,1343987082),(91,116,16,1,1343987577),(92,116,17,1,1343987577),(93,117,20,1,1343987864),(94,119,16,1,1344052535),(95,119,17,1,1344052535),(96,119,19,1,1344052535),(97,122,16,1,1344056104),(98,122,17,1,1344056104),(99,122,19,1,1344056104),(100,123,16,1,1344056112),(101,123,17,1,1344056112),(102,123,19,1,1344056112);

/*Table structure for table `range` */

DROP TABLE IF EXISTS `range`;

CREATE TABLE `range` (
  `id` int(11) NOT NULL AUTO_INCREMENT,
  `name` varchar(255) DEFAULT NULL,
  PRIMARY KEY (`id`)
) ENGINE=InnoDB AUTO_INCREMENT=75 DEFAULT CHARSET=utf8;

/*Data for the table `range` */

insert  into `range`(`id`,`name`) values (11,'Day 1'),(72,'Day 2'),(73,'Day 3'),(74,'Day 4');

/*Table structure for table `system` */

DROP TABLE IF EXISTS `system`;

CREATE TABLE `system` (
  `var` varchar(255) NOT NULL,
  `val` varchar(255) DEFAULT NULL,
  PRIMARY KEY (`var`)
) ENGINE=InnoDB DEFAULT CHARSET=utf8;

/*Data for the table `system` */

insert  into `system`(`var`,`val`) values ('default_cost','8000'),('default_unit','1');

/*!40101 SET SQL_MODE=@OLD_SQL_MODE */;
/*!40014 SET FOREIGN_KEY_CHECKS=@OLD_FOREIGN_KEY_CHECKS */;
/*!40014 SET UNIQUE_CHECKS=@OLD_UNIQUE_CHECKS */;
/*!40111 SET SQL_NOTES=@OLD_SQL_NOTES */;
